tier,edit_type,edit_detail,ratio,word_a,freq_a,example_a,word_b,freq_b,example_b,decision,preferred_form,notes
review,substitution,l/k,8.6,kwa,1418,Izangajedu jeko na andu kupoiye kwa wutalii,lwa,164,Nadima kusikira lwaka lwa ndege,,,
review,indel,',2.8,w'andu,898,W'andu w'iboilwagha ni kubonya maw'iw'i.,wandu,322,Wandu wefwana wiheshimiane,,,
review,indel,w,1.1,gha,526,Wusalama gha barabarenyi ni muhimu saana,ghwa,557,Wutamaduni ghwa isanga jedu ni wuzuri,,,
review,substitution,g/c,1.4,cha,367,Charo cha moda mbaha nichesisimua,gha,526,Wusalama gha barabarenyi ni muhimu saana,,,
review,substitution,a/g,2.7,aha,197,Ini aha nakoja kukaia moyo.,gha,526,Wusalama gha barabarenyi ni muhimu saana,,,
review,indel,a,3.4,agha,157,Agha ni matuku gha kutua mbai.,gha,526,Wusalama gha barabarenyi ni muhimu saana,,,
review,indel,i,1.5,cha,367,Charo cha moda mbaha nichesisimua,chia,237,Sanaa ni chia yejieleza,,,
review,indel,w,3.8,mana,123,Msinde mana.,mwana,462,W'eni mwana mkelie inyo.,,,
review,indel,w,1.3,andu,252,Chuo kibaa ni andu kupoiye kushoma,wandu,322,Wandu wefwana wiheshimiane,,,
review,substitution,a/c,1.9,aha,197,Ini aha nakoja kukaia moyo.,cha,367,Charo cha moda mbaha nichesisimua,,,
review,indel,m,4.8,mwana,462,W'eni mwana mkelie inyo.,wana,97,Wana wawecheza kiwachenyi,,,
review,substitution,m/a,1.2,andu,252,Chuo kibaa ni andu kupoiye kushoma,mndu,301,Kila mndu wawehitaji rafiki wa loli,,,
review,substitution,n/k,5.5,mwaka,84,Mwaka mbishi ni nafasi yezoya wuwishi,mwana,462,W'eni mwana mkelie inyo.,,,
review,indel,u,1.3,mndu,301,Kila mndu wawehitaji rafiki wa loli,mundu,234,Kula mundu unyonyorelo mudinyi.,,,
review,substitution,g/d,1.0,andu,252,Chuo kibaa ni andu kupoiye kushoma,angu,262,Huwu loli kunilowua angu kwawanikalia.,,,
review,substitution,m/h,8.3,hachi,55,Mzuri hachi.,machi,455,Kuseliwe kunywa machi gha kutosha,,,
review,substitution,g/c,8.8,machi,455,Kuseliwe kunywa machi gha kutosha,maghi,52,Maghi ana ghachika.,,,
review,substitution,u/i,2.3,kila,346,Poilwa ni kila ngelo y amaisha,kula,153,Nyonyi ridima kusafiri kula,,,
review,substitution,n/d,2.9,w'ada,120,W'adaw'ida w'ada poilwa ni chai,w'ana,342,Ngawifashafasha vangu w'ana w'iko na tabia isafwane.,,,
review,substitution,i/a,3.1,kala,113,Sere yake idadua kwa kala na kala.,kila,346,Poilwa ni kila ngelo y amaisha,,,
review,indel,i,4.3,cha,367,Charo cha moda mbaha nichesisimua,chai,85,Chai chapo wele chaenda hao chikoghe anyaa.,,,
review,indel,',3.5,w'ana,342,Ngawifashafasha vangu w'ana w'iko na tabia isafwane.,wana,97,Wana wawecheza kiwachenyi,,,
review,substitution,n/k,3.5,w'aka,97,W'aka w'eka na ghawo.,w'ana,342,Ngawifashafasha vangu w'ana w'iko na tabia isafwane.,,,
review,substitution,m/o,1.5,mka,173,Mka oko na kwaw'o.,oka,264,Oka na skulu yake.,,,
review,substitution,e/o,1.9,ngelo,272,Lumalwakenyi ni ngelo ipoiye yehoresha,ngolo,140,Kuasefo ngolo tima sena,,,
review,substitution,n/j,6.5,w'aja,53,Paulo na w'aja w'adumi w'azima.,w'ana,342,Ngawifashafasha vangu w'ana w'iko na tabia isafwane.,,,
review,substitution,l/r,7.7,kila,346,Poilwa ni kila ngelo y amaisha,kira,45,Ituku ijo jiwuye kira.,,,
review,substitution,j/n,2.2,iji,114,Iji w'aw'onyera lubando uchaainjwa.,ini,248,Ini ni mwalimu wa kij'omba,,,
review,substitution,h/n,2.3,ihi,109,Mruke ni ghwa ighu nadime ihi,ini,248,Ini ni mwalimu wa kij'omba,,,
review,indel,g,1.3,agha,157,Agha ni matuku gha kutua mbai.,aha,197,Ini aha nakoja kukaia moyo.,,,
review,substitution,o/a,3.0,oka,264,Oka na skulu yake.,oko,88,Mlungu oko moyo.,,,
review,substitution,n/a,6.0,madu,50,Uhu oka na madu ghesikira usikire.,mndu,301,Kila mndu wawehitaji rafiki wa loli,,,
review,substitution,a/e,1.1,sana,164,Safari yedu yesafiri kuenda mbugenyi yekoghe yesisimua sana,sena,181,Kuasefo ngolo tima sena,,,
review,substitution,m/h,1.3,hao,195,Kio ichi chose kuendaa hao?,mao,148,Lukundo lwa mao ni lwa kipekee,,,
review,substitution,v/k,1.2,kilambo,181,Hakuna kilambo chipoiye sa kisekesho,vilambo,155,Kuaeliwe kughua vilambo va fwana,,,
review,indel,k,4.0,koka,66,Andenyi ya Nyumba koka na choka,oka,264,Oka na skulu yake.,,,
review,substitution,i/a,3.1,ani,79,Kukasighwa ni fumanya na ani.,ini,248,Ini ni mwalimu wa kij'omba,,,
review,substitution,n/r,3.4,ini,248,Ini ni mwalimu wa kij'omba,iri,72,Ola kurighore maza iri.,,,
review,substitution,e/o,4.9,eka,54,Eka ghadi na ghadi ya bahari.,oka,264,Oka na skulu yake.,,,
review,substitution,n/s,3.6,ini,248,Ini ni mwalimu wa kij'omba,isi,69,Isi ni raiya wa dunia ihi,,,
review,substitution,a/o,4.9,vua,259,Vua nyingi yanyee ikasababisha mafuriko,vuo,53,Matuku ghose nadapoilwa ni kushoma vuo,,,
review,indel,y,5.6,kukaia,264,Kukaia na irumirio na Bwana.,kukaiya,47,Na ngera yadima kukaiya shekeria ni kii?,,,
review,substitution,o/a,2.0,aha,197,Ini aha nakoja kukaia moyo.,aho,101,Aho niko kuchaadima kutala.,,,
review,indel,',2.1,nguw'o,200,Wauza Nguw'o,nguwo,96,Nguwo rapo rachafuka,,,
review,substitution,e/i,8.0,kwake,33,Mkelu wadaghamba ngolonyi kwake.,kwaki,263,Kwaki kwazamilwa,,,
review,substitution,s/m,1.3,mana,123,Msinde mana.,sana,164,Safari yedu yesafiri kuenda mbugenyi yekoghe yesisimua sana,,,
review,substitution,n/v,6.5,ini,248,Ini ni mwalimu wa kij'omba,ivi,38,Ivi vindo vasinga.,,,
review,indel,g,8.6,ingi,29,Ndeekoghe chia ingi zima ela kulala isakenyi.,ini,248,Ini ni mwalimu wa kij'omba,,,
review,substitution,y/w,2.0,wapo,185,Mwatulituli wapo wawepata shida ya mtandao,yapo,92,Nyumba yapo yeka kavui na moda,,,
review,substitution,w/r,2.2,rapo,85,Nguwo rapo rachafuka,wapo,185,Mwatulituli wapo wawepata shida ya mtandao,,,
review,substitution,s/u,5.6,shuu,229,Nazughwa shuu.,uhuu,41,Uhuu mndu oka na kazi ipoie.,,,
review,substitution,a/o,1.6,aho,101,Aho niko kuchaadima kutala.,oho,165,Ni oho mngara wapo.,,,
review,substitution,o/a,1.4,agha,157,Agha ni matuku gha kutua mbai.,agho,109,Maw'iw'i agho.,,,
review,substitution,u/a,1.4,kala,113,Sere yake idadua kwa kala na kala.,kula,153,Nyonyi ridima kusafiri kula,,,
review,substitution,p/k,2.3,wako,81,Kunda jirani wako seji kujikunde,wapo,185,Mwatulituli wapo wawepata shida ya mtandao,,,
review,indel,i,9.1,chia,237,Sanaa ni chia yejieleza,ichia,26,Mokunda kukaba mori ichia mwawedafuna boboro.,,,
review,substitution,s/w,1.7,sana,164,Safari yedu yesafiri kuenda mbugenyi yekoghe yesisimua sana,wana,97,Wana wawecheza kiwachenyi,,,
review,substitution,w/m,9.8,mundu,234,Kula mundu unyonyorelo mudinyi.,wundu,24,Mdamu oko na wundu miki ghukurie shuu.,,,
review,substitution,h/b,3.3,aba,59,Ghenda kwa aba kumkotie uche na iseghe.,aha,197,Ini aha nakoja kukaia moyo.,,,
review,substitution,t/h,3.4,aha,197,Ini aha nakoja kukaia moyo.,ata,58,"Ghenda ata kwake,oka andenyi nyumbeni",,,
review,substitution,k/h,1.9,oho,165,Ni oho mngara wapo.,oko,88,Mlungu oko moyo.,,,
review,substitution,h/p,3.6,aha,197,Ini aha nakoja kukaia moyo.,apa,55,Dikaghenda hotelinyi na apa.,,,
review,substitution,j/y,1.1,ijo,119,Ituku ijo.,iyo,133,Igho jiko moyo na iyo mbari ya wueli.,,,
review,indel,g,1.4,ughu,105,Mzi ughu ghoko na skulu nyinyi,uhu,144,Uhu orekoghe uniereshere udehamishwa.,,,
review,substitution,o/e,1.5,mae,101,Mae wafwa imbe.,mao,148,Lukundo lwa mao ni lwa kipekee,,,
review,substitution,n/h,3.7,hao,195,Kio ichi chose kuendaa hao?,nao,53,Nao jesu ukawizera wanughi wake.,,,
review,indel,k,3.0,kwapo,61,Sikira kuruma kwapo.,wapo,185,Mwatulituli wapo wawepata shida ya mtandao,,,
review,substitution,k/l,3.5,eka,54,Eka ghadi na ghadi ya bahari.,ela,190,Ela w'ose w'eelaghaya.,,,
review,indel,i,3.5,w'a,185,W'alodi w'a tee w'echachurikia.,w'ai,53,W'ai w'adadu w'aghenda mbuw'enyi kuw'waya mbogha,,,
review,substitution,h/j,4.9,aha,197,Ini aha nakoja kukaia moyo.,aja,40,Neshomea skulu aja____,,,
review,indel,n,2.3,saa,72,Saa muka uko na kifu.,sana,164,Safari yedu yesafiri kuenda mbugenyi yekoghe yesisimua sana,,,
review,substitution,i/o,1.0,iji,114,Iji w'aw'onyera lubando uchaainjwa.,ijo,119,Ituku ijo.,,,
review,substitution,w/j,3.9,japo,47,Irina Japo ni Mwamburi,wapo,185,Mwatulituli wapo wawepata shida ya mtandao,,,
review,indel,',4.1,w'apo,45,Awa w'ose ni w'akinyumba w'apo,wapo,185,Mwatulituli wapo wawepata shida ya mtandao,,,
review,substitution,w/v,4.2,vapo,44,Mbori raaw'uya vindo vapo.,wapo,185,Mwatulituli wapo wawepata shida ya mtandao,,,
review,substitution,e/m,3.2,eka,54,Eka ghadi na ghadi ya bahari.,mka,173,Mka oko na kwaw'o.,,,
review,indel,a,4.5,aw'a,41,Aw'a w'ikuserie w'ichapata maboilo.,w'a,185,W'alodi w'a tee w'echachurikia.,,,
review,substitution,a/j,6.8,aha,197,Ini aha nakoja kukaia moyo.,jha,29,Ishati jhake ni jha misharia,,,
review,substitution,y/r,1.4,radima,93,Ndodo rako radima kuka loli,yadima,132,Kazi ya ikwanyiko yadima kuka ipoiye zaidi,,,
review,substitution,e/o,4.6,wape,40,Mkeku wawamnosa mwana wape.,wapo,185,Mwatulituli wapo wawepata shida ya mtandao,,,
review,substitution,j/h,1.0,ihi,109,Mruke ni ghwa ighu nadime ihi,iji,114,Iji w'aw'onyera lubando uchaainjwa.,,,
review,substitution,w/m,1.3,mana,123,Msinde mana.,wana,97,Wana wawecheza kiwachenyi,,,
review,substitution,k/d,1.2,w'ada,120,W'adaw'ida w'ada poilwa ni chai,w'aka,97,W'aka w'eka na ghawo.,,,
review,substitution,h/w,9.8,aha,197,Ini aha nakoja kukaia moyo.,awa,20,Awa wiwae widima kupata.,,,
review,substitution,r/y,1.6,iro,83,Nichaamumanyisha iro maza.,iyo,133,Igho jiko moyo na iyo mbari ya wueli.,,,
review,substitution,z/n,1.3,mana,123,Msinde mana.,maza,92,Ini ni mshomi wa maza ra sayansi,,,
review,substitution,l/j,2.6,kuja,59,Familia yapo yadapoilwa kuja andwamweri kila jioni,kula,153,Nyonyi ridima kusafiri kula,,,
review,indel,g,1.1,agho,109,Maw'iw'i agho.,aho,101,Aho niko kuchaadima kutala.,,,
review,indel,y,2.5,mao,148,Lukundo lwa mao ni lwa kipekee,mayo,59,Wele mayo waenda hao namulola nikamsowa idime.,,,
review,indel,a,5.1,maka,34,Nazoe kukora maka,mka,173,Mka oko na kwaw'o.,,,
review,substitution,o/i,1.2,ichi,94,Nalomba kunitesie na chaghu ichi,icho,112,Nasowie dilo kufuma icho.,,,
review,indel,b,6.8,nyuma,26,Niko nyuma ya miaka midadu ngajoka.,nyumba,178,Nyumba yapo yeka kavui na moda,,,
review,indel,c,1.2,ichi,94,Nalomba kunitesie na chaghu ichi,ihi,109,Mruke ni ghwa ighu nadime ihi,,,
review,indel,',2.7,w'ose,148,W'ose w'izamilwagha ni ini w'eekunda kufwa.,wose,55,Wusafiri ghwa wandu wose ni chia ipoiye yesafiri,,,
review,substitution,r/j,1.4,ijo,119,Ituku ijo.,iro,83,Nichaamumanyisha iro maza.,,,
review,substitution,l/k,3.6,kii,157,Nikuneke kii awai.,lii,44,Kucha lii na weke wawa wapo niwiwone?,,,
review,substitution,m/n,2.8,mao,148,Lukundo lwa mao ni lwa kipekee,nao,53,Nao jesu ukawizera wanughi wake.,,,
review,substitution,y/w,1.9,wadima,68,"Kusakeobua, wadima kukaia moyo.",yadima,132,Kazi ya ikwanyiko yadima kuka ipoiye zaidi,,,
review,substitution,o/i,3.9,kii,157,Nikuneke kii awai.,kio,40,Kio ichi chose kuendaa hao?,,,
review,indel,h,2.4,ata,58,"Ghenda ata kwake,oka andenyi nyumbeni",hata,138,Midi riseko hata kiju ndechikaa.,,,
review,substitution,e/o,1.4,wake,114,Mumi wake ni kitoi.,wako,81,Kunda jirani wako seji kujikunde,,,
review,substitution,i/u,8.3,skuli,21,Nawaenja mwana skuli ngelo ra saa ikenda uwu.,skulu,174,Wnake wefwana kuenda skulu,,,
review,indel,u,9.7,skulu,174,Wnake wefwana kuenda skulu,sukulu,18,Kakaia sukulu kusebonye ikosa jingi,,,
review,substitution,a/u,1.3,agho,109,Maw'iw'i agho.,ugho,81,Ugho ni w'ukelu.,,,
review,indel,o,2.7,moni,51,Mndu uamue moni ichi uchaja.,omoni,137,Ngelo yeghala ni omoni okirieghe.,,,
review,substitution,i/p,1.0,miaka,93,Karne ni miaka ighana jimweri,mpaka,95,Nawona mundu wakimbia kufuma voi mpaka Mwatate usehoreshere anduangi,,,
review,substitution,o/u,1.1,oko,88,Mlungu oko moyo.,uko,99,Mwanafunzi upoiye ni uja uko na tabia ripoiye na ishima ja hali ya ighu,,,
review,substitution,j/r,1.6,iji,114,Iji w'aw'onyera lubando uchaainjwa.,iri,72,Ola kurighore maza iri.,,,
review,substitution,u/o,1.3,ugho,81,Ugho ni w'ukelu.,ughu,105,Mzi ughu ghoko na skulu nyinyi,,,
review,indel,u,3.5,uhu,144,Uhu orekoghe uniereshere udehamishwa.,uhuu,41,Uhuu mndu oka na kazi ipoie.,,,
review,indel,h,5.6,kihi,28,Daw'ida mwaw'aa kihi?,kii,157,Nikuneke kii awai.,,,
review,substitution,l/a,8.2,awa,20,Awa wiwae widima kupata.,lwa,164,Nadima kusikira lwaka lwa ndege,,,
review,indel,k,2.1,kuja,59,Familia yapo yadapoilwa kuja andwamweri kila jioni,uja,124,Mwanafunzi upoiye ni uja uko na tabia ripoiye na ishima ja hali ya ighu,,,
review,indel,h,2.6,mbaa,132,Lukundo ni nguvu mbaa,mbaha,51,Charo cha moda mbaha nichesisimua,,,
review,substitution,b/z,3.8,mburi,145,Kochokocho ra mburi.,mzuri,38,Mzuri usaghulo ni Mlungu.,,,
review,substitution,j/s,1.7,iji,114,Iji w'aw'onyera lubando uchaainjwa.,isi,69,Isi ni raiya wa dunia ihi,,,
review,substitution,a/u,3.8,mbari,38,Igho jiko moyo na iyo mbari ya wueli.,mburi,145,Kochokocho ra mburi.,,,
review,substitution,s/v,9.1,sana,164,Safari yedu yesafiri kuenda mbugenyi yekoghe yesisimua sana,vana,18,Vana vakongodwa,,,
review,indel,b,6.5,agha,157,Agha ni matuku gha kutua mbai.,bagha,24,Ini ne Mkatoliki nawelindiliwa ni bagha ya Kristo.,,,
review,substitution,h/r,1.5,ihi,109,Mruke ni ghwa ighu nadime ihi,iri,72,Ola kurighore maza iri.,,,
review,substitution,w/y,1.7,wake,114,Mumi wake ni kitoi.,yake,67,Kila mndu woko na miri na asili yake,,,
review,substitution,r/w,1.7,rake,66,Mbenge rake rachikanya.,wake,114,Mumi wake ni kitoi.,,,
review,substitution,p/w,1.1,mpaka,95,Nawona mundu wakimbia kufuma voi mpaka Mwatate usehoreshere anduangi,mwaka,84,Mwaka mbishi ni nafasi yezoya wuwishi,,,
review,indel,p,7.5,agha,157,Agha ni matuku gha kutua mbai.,pagha,21,Mbvua yake yawerucha pagha/ Msanga mbua,,,
review,indel,g,2.7,w'engi,130,Ngera ni angu lukundo lwa w'engi losia,w'eni,48,W'eni mwana mkelie inyo.,,,
review,substitution,h/s,1.6,ihi,109,Mruke ni ghwa ighu nadime ihi,isi,69,Isi ni raiya wa dunia ihi,,,
review,substitution,r/k,2.4,mkongo,52,Ukakakongoma kumanye waw'uya mkongo.,mrongo,125,Africa yeka na mazanga mrongo isanu na inya,,,
review,substitution,i/w,1.1,miaka,93,Karne ni miaka ighana jimweri,mwaka,84,Mwaka mbishi ni nafasi yezoya wuwishi,,,
review,substitution,y/r,1.1,rapo,85,Nguwo rapo rachafuka,yapo,92,Nyumba yapo yeka kavui na moda,,,
review,indel,',3.1,m'baa,43,Mlodi m'baa ukasigharika ngomenyi kwa mzuri.,mbaa,132,Lukundo ni nguvu mbaa,,,
review,substitution,a/o,2.4,moda,51,Nyumba yapo yeka kavui na moda,modo,124,Ngelo ra mruke ni ra modo saana,,,
review,substitution,d/k,8.7,dii,18,Vua esindanya dii.,kii,157,Nikuneke kii awai.,,,
review,substitution,m/h,4.6,uhu,144,Uhu orekoghe uniereshere udehamishwa.,umu,31,"Kuagha sere ni ijukumu ja kila umu ,mbaa na hata mtini.",,,
review,substitution,u/o,5.0,mbori,29,Mbori raaw'uya vindo vapo.,mburi,145,Kochokocho ra mburi.,,,
review,indel,',2.3,w'ada,120,W'adaw'ida w'ada poilwa ni chai,wada,53,Da dibonyaa wada.,,,
review,substitution,r/v,1.8,rose,112,Nyonyi rose ra mbeonyi nariichi.,vose,61,Dichatesia vipughi venyu vose.,,,
review,substitution,j/d,2.3,w'ada,120,W'adaw'ida w'ada poilwa ni chai,w'aja,53,Paulo na w'aja w'adumi w'azima.,,,
review,indel,n,3.5,inyo,38,Seremmanyireghe inyo.,iyo,133,Igho jiko moyo na iyo mbari ya wueli.,,,
review,substitution,d/z,5.6,mdinyi,26,Wavavirika/Washoghonoka ukisarigha mdinyi,mzinyi,145,Ndekuna anduangi kupoiye sa mzinyi,,,
review,substitution,l/r,8.5,kula,153,Nyonyi ridima kusafiri kula,kura,18,Kuseliwe kura kofia ya wusalama,,,
review,substitution,o/a,3.5,mbaa,132,Lukundo ni nguvu mbaa,mboa,38,Kuende mboa mboa,,,
review,substitution,i/u,2.8,ija,45,Skulu ija yeaghwa kavui na moda,uja,124,Mwanafunzi upoiye ni uja uko na tabia ripoiye na ishima ja hali ya ighu,,,
review,indel,i,1.8,mdi,60,Mdi ghwadamanyika kwa matunda gharo.,midi,108,Midi idareda vua.,,,
review,substitution,a/e,1.4,w'aka,97,W'aka w'eka na ghawo.,w'eka,71,W'andu w'eka na w'uya mzima mzima.,,,
review,indel,i,1.9,ihi,109,Mruke ni ghwa ighu nadime ihi,ihii,58,Ihii kalamu eko na wino ghupoie.,,,
review,substitution,r/w,2.0,rose,112,Nyonyi rose ra mbeonyi nariichi.,wose,55,Wusafiri ghwa wandu wose ni chia ipoiye yesafiri,,,
review,indel,g,2.9,mana,123,Msinde mana.,manga,43,Manga wa kiju.,,,
review,indel,s,2.1,w'ai,53,W'ai w'adadu w'aghenda mbuw'enyi kuw'waya mbogha,w'asi,112,Ilombi jelomba w'utesia ngelo kwapata w'asi.,,,
review,indel,h,3.0,uja,124,Mwanafunzi upoiye ni uja uko na tabia ripoiye na ishima ja hali ya ighu,ujha,41,Ujha ni m'bori,,,
review,substitution,i/o,1.8,niko,105,Seji niko mkosi.,noko,60,Msakeghada sa w'ana w'a noko.,,,
review,indel,k,1.2,koko,76,Kunoneka koko aghadi.,oko,88,Mlungu oko moyo.,,,
review,substitution,l/m,2.2,kala,113,Sere yake idadua kwa kala na kala.,kama,51,Nawenda kama Ng'ombe,,,
review,substitution,i/e,1.3,eri,92,Wandu wamu wadakaiya nyumbenyi rawo eri kuepuka hali rizamie ra hewa,iri,72,Ola kurighore maza iri.,,,
review,substitution,a/o,2.6,ija,45,Skulu ija yeaghwa kavui na moda,ijo,119,Ituku ijo.,,,
review,substitution,u/a,3.1,aja,40,Neshomea skulu aja____,uja,124,Mwanafunzi upoiye ni uja uko na tabia ripoiye na ishima ja hali ya ighu,,,
review,substitution,k/y,4.3,iko,31,Chovu mbaa yawesela msidunyi iko na wana wake wadadu,iyo,133,Igho jiko moyo na iyo mbari ya wueli.,,,
review,substitution,w/r,1.4,radima,93,Ndodo rako radima kuka loli,wadima,68,"Kusakeobua, wadima kukaia moyo.",,,
review,substitution,w/b,7.0,mbai,20,Agha ni matuku gha kutua mbai.,mwai,141,Mwai wapo waghalie kwawo.,,,
review,substitution,a/i,2.5,ija,45,Skulu ija yeaghwa kavui na moda,iji,114,Iji w'aw'onyera lubando uchaainjwa.,,,
review,substitution,r/y,2.4,rose,112,Nyonyi rose ra mbeonyi nariichi.,yose,46,Odaika chofi yose.,,,
review,indel,k,2.0,niko,105,Seji niko mkosi.,nio,52,Aho nio dawona yawaumiza wandu zaidi.,,,
review,substitution,k/v,2.6,kala,113,Sere yake idadua kwa kala na kala.,vala,44,Bonya kazi na vala vako veni.,,,
review,substitution,k/n,3.6,maka,34,Nazoe kukora maka,mana,123,Msinde mana.,,,
review,substitution,v/y,5.5,ivo,24,Ivo vindo vaka na msingo ghupoie.,iyo,133,Igho jiko moyo na iyo mbari ya wueli.,,,
review,indel,m,9.4,mwai,141,Mwai wapo waghalie kwawo.,wai,15,Ni ncha wai na wadawana wishome,,,
review,substitution,m/r,9.4,mwai,141,Mwai wapo waghalie kwawo.,rwai,15,Rwai yadareda makongo,,,
review,indel,a,5.7,mabaa,23,Wukame ghukazidi ghwadareda maafa mabaa kwa wakulima na walisha,mbaa,132,Lukundo ni nguvu mbaa,,,
review,substitution,v/s,2.6,w'asi,112,Ilombi jelomba w'utesia ngelo kwapata w'asi.,w'avi,43,"W'ana w'esighwa w'akiw'a, ndew'ine w'avi w'awo",,,
review,substitution,r/k,2.6,kose,43,Teknologia yarahisisha mawasiiano kose wurumwengunyi,rose,112,Nyonyi rose ra mbeonyi nariichi.,,,
review,substitution,o/i,1.2,iri,72,Ola kurighore maza iri.,iro,83,Nichaamumanyisha iro maza.,,,
review,substitution,k/p,2.9,wake,114,Mumi wake ni kitoi.,wape,40,Mkeku wawamnosa mwana wape.,,,
review,substitution,y/j,6.0,jadima,22,Iji itunda jadima kujighwa kwa mda ghose.,yadima,132,Kazi ya ikwanyiko yadima kuka ipoiye zaidi,,,
review,indel,m,2.5,agho,109,Maw'iw'i agho.,magho,43,Nyumba ya magho.,,,
review,indel,k,1.9,kuko,53,Ndokukundikie kuobuo kuko nani.,uko,99,Mwanafunzi upoiye ni uja uko na tabia ripoiye na ishima ja hali ya ighu,,,
review,substitution,j/v,3.0,iji,114,Iji w'aw'onyera lubando uchaainjwa.,ivi,38,Ivi vindo vasinga.,,,
review,substitution,a/i,6.6,mbaa,132,Lukundo ni nguvu mbaa,mbai,20,Agha ni matuku gha kutua mbai.,,,
review,substitution,y/v,6.6,vadima,20,Vichuku vadima kureda maghaluso ghiboie.,yadima,132,Kazi ya ikwanyiko yadima kuka ipoiye zaidi,,,
review,indel,',2.9,w'asi,112,Ilombi jelomba w'utesia ngelo kwapata w'asi.,wasi,39,Wasi ghwapo ghwanikata.,,,
review,substitution,y/n,6.9,nadima,19,Nadima kusikira lwaka lwa ndege,yadima,132,Kazi ya ikwanyiko yadima kuka ipoiye zaidi,,,
review,indel,n,1.1,ani,79,Kukasighwa ni fumanya na ani.,nani,71,Wele nani orelodieghe maza iro?,,,
review,substitution,k/p,1.6,yako,58,Tumia muda na familia yako,yapo,92,Nyumba yapo yeka kavui na moda,,,
review,substitution,d/n,1.8,wada,53,Da dibonyaa wada.,wana,97,Wana wawecheza kiwachenyi,,,
review,substitution,j/k,1.8,w'aja,53,Paulo na w'aja w'adumi w'azima.,w'aka,97,W'aka w'eka na ghawo.,,,
review,substitution,k/j,3.8,ijo,119,Ituku ijo.,iko,31,Chovu mbaa yawesela msidunyi iko na wana wake wadadu,,,
review,substitution,k/p,1.3,ghako,66,Maghesho ghako ni muhimu,ghapo,84,Sikira nicha madongozo ghapo,,,
review,substitution,d/y,4.8,modo,124,Ngelo ra mruke ni ra modo saana,moyo,26,Igho jiko moyo na iyo mbari ya wueli.,,,
review,indel,a,8.3,iyao,16,Shekeria yelwa ni ki/ iyao?,iyo,133,Igho jiko moyo na iyo mbari ya wueli.,,,
review,indel,n,8.3,iyo,133,Igho jiko moyo na iyo mbari ya wueli.,niyo,16,Ija niyo mali ivisiro.,,,
review,indel,',1.9,iruw'a,51,Iruw'a jhadabia nandighi dimeghadi,iruwa,98,"Iruwa jikatua, ndoe yakaia na rangi ighokie",,,
review,substitution,g/c,1.3,chapo,65,Charo chapo chedeka kilacha na chechokesha,ghapo,84,Sikira nicha madongozo ghapo,,,
review,substitution,e/o,1.6,yape,57,Walaghasha ndagha yape,yapo,92,Nyumba yapo yeka kavui na moda,,,
review,indel,n,1.5,noko,60,Msakeghada sa w'ana w'a noko.,oko,88,Mlungu oko moyo.,,,
review,substitution,o/u,1.2,huw'o,66,Kwaki waweadeda huw'o?,huw'u,82,Hata niseendajoka Dawida huw'u.,,,
review,substitution,w/j,3.4,jake,34,Ukajikoja isu jake.,wake,114,Mumi wake ni kitoi.,,,
review,substitution,d/y,4.3,w'ada,120,W'adaw'ida w'ada poilwa ni chai,w'aya,28,Orekoghe na w'wana ghodeda ghuseko na w'aya.,,,
review,substitution,a/e,8.2,kubonya,132,Mando ghamu ni ncha kubonya mazoezi,kubonye,16,Matuku ghose tima kubonye mecha.,,,
review,indel,k,3.5,kwake,33,Mkelu wadaghamba ngolonyi kwake.,wake,114,Mumi wake ni kitoi.,,,
review,substitution,h/v,2.9,ihi,109,Mruke ni ghwa ighu nadime ihi,ivi,38,Ivi vindo vasinga.,,,
review,substitution,o/e,1.3,ndee,83,Ghuw'ikilo ni ndee.,ndoe,64,"Iruwa jikatua, ndoe yakaia na rangi ighokie",,,
review,indel,',8.1,w'engi,130,Ngera ni angu lukundo lwa w'engi losia,wengi,16,Wandu wengi wadapoilwaa ni kusafiri,,,
auto,substitution,k/a,70.9,awa,20,Awa wiwae widima kupata.,kwa,1418,Izangajedu jeko na andu kupoiye kwa wutalii,,,
auto,indel,u,202.6,kuwa,7,Kuwa mbogha,kwa,1418,Izangajedu jeko na andu kupoiye kwa wutalii,,,
auto,substitution,k/g,354.5,gwa,4,Mchezo gwa moira ghwa mindi ghwmanyikie,kwa,1418,Izangajedu jeko na andu kupoiye kwa wutalii,,,
auto,substitution,s/a,472.7,kwa,1418,Izangajedu jeko na andu kupoiye kwa wutalii,kws,3,Eka yakaiagha ilagho ja mana kuboisa chama chetesia KWS,,,
auto,substitution,k/o,472.7,kwa,1418,Izangajedu jeko na andu kupoiye kwa wutalii,owa,3,Chienyi kwake owa midi kufuma Wuimgereza,,,
auto,substitution,k/r,472.7,kwa,1418,Izangajedu jeko na andu kupoiye kwa wutalii,rwa,3,Rwa nguwo ra ishima,,,
auto,substitution,u/a,13.4,w'andu,898,W'andu w'iboilwagha ni kubonya maw'iw'i.,w'undu,67,Narumaghia masholio kwa w'undu ghwako.,,,
auto,indel,i,149.7,w'andu,898,W'andu w'iboilwagha ni kubonya maw'iw'i.,w'anidu,6,Awa ni w'anidu wabaha,,,
auto,indel,e,179.6,w'andu,898,W'andu w'iboilwagha ni kubonya maw'iw'i.,w'anedu,5,Namvoya w'anedu mkaie sa iji koni niko.,,,
auto,substitution,u/i,224.5,w'andi,4,W'andi w'amu walaghashire maisha.,w'andu,898,W'andu w'iboilwagha ni kubonya maw'iw'i.,,,
auto,substitution,s/g,14.3,ghwa,557,Wutamaduni ghwa isanga jedu ni wuzuri,shwa,39,Iji igare jadima kwa shwa sana.,,,
auto,substitution,u/w,111.4,ghua,5,Naenda ghua Mwemba,ghwa,557,Wutamaduni ghwa isanga jedu ni wuzuri,,,
auto,indel,h,139.2,ghwa,557,Wutamaduni ghwa isanga jedu ni wuzuri,gwa,4,Mchezo gwa moira ghwa mindi ghwmanyikie,,,
auto,substitution,i/w,139.2,ghia,4,"Na ngera kama niwupande ghobonya kama zoghori huwu wakati wandu wawa vindo vawo, mwauzira masanga ghia na ghia?",ghwa,557,Wutamaduni ghwa isanga jedu ni wuzuri,,,
auto,substitution,g/j,18.1,gha,526,Wusalama gha barabarenyi ni muhimu saana,jha,29,Ishati jhake ni jha misharia,,,
auto,substitution,a/e,65.8,gha,526,Wusalama gha barabarenyi ni muhimu saana,ghe,8,Wazazi wafunya malengo ghe teseia.,,,
auto,indel,o,75.1,gha,526,Wusalama gha barabarenyi ni muhimu saana,ogha,7,Kaenda Mombasa na kwende baharinyi kwa ogha na machi gha chumbi,,,
auto,substitution,u/h,87.7,gha,526,Wusalama gha barabarenyi ni muhimu saana,gua,6,Mao waenda gua mbogha kinyangeyi.,,,
auto,substitution,o/a,87.7,gha,526,Wusalama gha barabarenyi ni muhimu saana,gho,6,Ihii nyumba eko na wulalo gho horesha.,,,
auto,indel,u,105.2,gha,526,Wusalama gha barabarenyi ni muhimu saana,ghua,5,Naenda ghua Mwemba,,,
auto,indel,i,131.5,gha,526,Wusalama gha barabarenyi ni muhimu saana,ghia,4,"Na ngera kama niwupande ghobonya kama zoghori huwu wakati wandu wawa vindo vawo, mwauzira masanga ghia na ghia?",,,
auto,substitution,w/h,131.5,gha,526,Wusalama gha barabarenyi ni muhimu saana,gwa,4,Mchezo gwa moira ghwa mindi ghwmanyikie,,,
auto,indel,v,23.0,indo,21,Kusedile hata indo jimweri,vindo,483,Vindo vako vaka tayari,,,
auto,substitution,k/v,24.1,kindo,20,Sikunde kindo chingi nekunda lukundo.,vindo,483,Vindo vako vaka tayari,,,
auto,substitution,b/m,12.8,bwana,36,Kukaia na irumirio na Bwana.,mwana,462,W'eni mwana mkelie inyo.,,,
auto,substitution,o/u,161.0,vindo,483,Vindo vako vaka tayari,vindu,3,W'andu w'etonywa ni mada w'endaw'ona vindu ivo visingie.,,,
auto,substitution,u/i,16.2,machi,455,Kuseliwe kunywa machi gha kutosha,machu,28,Inja machu ghako.,,,
auto,substitution,a/w,24.3,maana,19,Wufundi ni wujuzi ghwa maana,mwana,462,W'eni mwana mkelie inyo.,,,
auto,substitution,m/f,33.0,fwana,14,Kuaeliwe kughua vilambo va fwana,mwana,462,W'eni mwana mkelie inyo.,,,
auto,substitution,o/a,51.3,mwana,462,W'eni mwana mkelie inyo.,mwano,9,Obonya mwano.,,,
auto,substitution,m/n,41.4,machi,455,Kuseliwe kunywa machi gha kutosha,nachi,11,Nachi ozerwa w'ei wabonya miujiza ya tee.,,,
auto,indel,d,154.0,mwana,462,W'eni mwana mkelie inyo.,mwanda,3,Isanga jedu ja Mwanda jechaghaluka,,,
auto,substitution,k/m,154.0,kwana,3,Dedeka dikwane lakini ndediche kwana,mwana,462,W'eni mwana mkelie inyo.,,,
auto,substitution,c/j,12.7,cha,367,Charo cha moda mbaha nichesisimua,jha,29,Ishati jhake ni jha misharia,,,
auto,indel,o,20.4,cha,367,Charo cha moda mbaha nichesisimua,ocha,18,Ocha kwapo ighuo,,,
auto,indel,n,40.8,cha,367,Charo cha moda mbaha nichesisimua,ncha,9,Mando ghamu ni ncha kubonya mazoezi,,,
auto,indel,u,61.2,cha,367,Charo cha moda mbaha nichesisimua,chua,6,Chongonyi kwake kwa chua maghesho pacha,,,
auto,indel,m,61.2,cha,367,Charo cha moda mbaha nichesisimua,mcha,6,Aba mlungu Koko mcha na kwaine wughoma.,,,
auto,substitution,e/a,61.2,cha,367,Charo cha moda mbaha nichesisimua,che,6,Ghenda kulole chaghu che bonya,,,
auto,substitution,o/a,61.2,cha,367,Charo cha moda mbaha nichesisimua,cho,6,Cho dije dadeka mswara na mnavu.,,,
auto,substitution,k/b,13.3,bila,26,Vilongozi wefwana kuhudumia wananchi bila kubagua ungi,kila,346,Poilwa ni kila ngelo y amaisha,,,
auto,indel,i,91.8,cha,367,Charo cha moda mbaha nichesisimua,icha,4,Dibora chumbo ilinga njumwa icha ikanisenyi?,,,
auto,indel,u,91.8,cha,367,Charo cha moda mbaha nichesisimua,ucha,4,Ucha ghudishwa,,,
auto,indel,o,91.8,cha,367,Charo cha moda mbaha nichesisimua,chao,4,Chao ichi cheko na malagho ghipoie.,,,
auto,substitution,n/y,12.2,w'ana,342,Ngawifashafasha vangu w'ana w'iko na tabia isafwane.,w'aya,28,Orekoghe na w'wana ghodeda ghuseko na w'aya.,,,
auto,substitution,a/o,28.8,kila,346,Poilwa ni kila ngelo y amaisha,kilo,12,Enda idukenyi kuuziro mapemba kilo isanau alafu kushelo mufu.,,,
auto,substitution,l/m,28.8,kila,346,Poilwa ni kila ngelo y amaisha,kima,12,Kuseide mbao kima,,,
auto,substitution,l/n,57.7,kila,346,Poilwa ni kila ngelo y amaisha,kina,6,Kina chakotwa,,,
auto,substitution,k/m,69.2,kila,346,Poilwa ni kila ngelo y amaisha,mila,5,Isanga iji jeko na mila riboie.,,,
auto,substitution,a/o,38.0,w'ana,342,Ngawifashafasha vangu w'ana w'iko na tabia isafwane.,w'ona,9,W'ona seji w'ajikucha,,,
