edit_type,edit_detail,ratio,word_a,freq_a,example_a,word_b,freq_b,example_b,decision,preferred_form,notes
substitution,a/k,23.2,awa,61,Awa wikuserie wichapata maboilo.,kwa,1418,Izangajedu jeko na andu kupoiye kwa wutalii,,,
indel,u,78.8,kuwa,18,Kuwa mbogha,kwa,1418,Izangajedu jeko na andu kupoiye kwa wutalii,,,
substitution,s/a,472.7,kwa,1418,Izangajedu jeko na andu kupoiye kwa wutalii,kws,3,Eka yakaiagha ilagho jha mana kuboisa chama chetesia KWS,,,
substitution,o/k,472.7,kwa,1418,Izangajedu jeko na andu kupoiye kwa wutalii,owa,3,Chienyi kwake owa midi kufuma Wuimgereza,,,
substitution,k/r,472.7,kwa,1418,Izangajedu jeko na andu kupoiye kwa wutalii,rwa,3,Rwa nguwo ra ishima,,,
substitution,a/u,13.4,wandu,1221,Wandu wefwana wiheshimiane,wundu,91,Narumaghia masholio kwa wundu ghwako.,,,
indel,i,135.7,wandu,1221,Wandu wefwana wiheshimiane,wanidu,9,Sharon wabonyere wanidu winileghe putu.,,,
indel,m,152.6,mwandu,8,Mwandu wawecha idime.,wandu,1221,Wandu wefwana wiheshimiane,,,
indel,e,152.6,wandu,1221,Wandu wefwana wiheshimiane,wanedu,8,Wanedu waboilwa ni sarigho.,,,
substitution,m/w,244.2,mandu,5,"Wachaghirie mandu adadu kwa womi wazima, uko si kushughunuka?",wandu,1221,Wandu wefwana wiheshimiane,,,
substitution,i/u,305.2,wandi,4,Wandi wamu walaghashire maisha.,wandu,1221,Wandu wefwana wiheshimiane,,,
substitution,g/d,407.0,wandu,1221,Wandu wefwana wiheshimiane,wangu,3,Wangu wekundika witesiana msimu ghwa wasi.,,,
indel,m,1.1,mwana,462,Weni mwana mkelie inyo.,wana,439,Wana wawecheza kiwachenyi,,,
substitution,j/g,1.9,gha,526,Wusalama gha barabarenyi ni muhimu saana,jha,274,Idime ni ituku jha njumwa,,,
substitution,c/j,1.3,cha,367,Charo cha moda mbaha nichesisimua,jha,274,Idime ni ituku jha njumwa,,,
substitution,w/m,5.9,mundu,537,Kila mundu wawehitaji rafiki wa loli,wundu,91,Narumaghia masholio kwa wundu ghwako.,,,
substitution,d/n,2.5,wada,174,Da dibonyaa wada.,wana,439,Wana wawecheza kiwachenyi,,,
substitution,s/w,2.7,sana,164,Safari yedu yesafiri kuenda mbugenyi yekoghe yesisimua sana,wana,439,Wana wawecheza kiwachenyi,,,
substitution,s/g,14.4,ghwa,562,Wutamaduni ghwa isanga jedu ni wuzuri,shwa,39,Iji igare jadima kwa shwa sana.,,,
substitution,u/w,112.4,ghua,5,Naenda ghua Mwemba,ghwa,562,Wutamaduni ghwa isanga jedu ni wuzuri,,,
substitution,i/w,140.5,ghia,4,"Na ngera kama niwupande ghobonya kama zoghori huwu wakati wandu wawa vindo vawo, mwauzira masanga ghia na ghia?",ghwa,562,Wutamaduni ghwa isanga jedu ni wuzuri,,,
substitution,k/n,3.5,waka,126,Washomi waka wengi wa mashomo tofauti,wana,439,Wana wawecheza kiwachenyi,,,
substitution,c/a,1.9,aha,197,Ini aha nakoja kukaia moyo.,cha,367,Charo cha moda mbaha nichesisimua,,,
substitution,m/w,3.6,mana,123,Msinde mana.,wana,439,Wana wawecheza kiwachenyi,,,
substitution,y/d,41.3,mundu,537,Kila mundu wawehitaji rafiki wa loli,munyu,13,Vindo ndevina munyu,,,
indel,k,53.7,mkundu,10,Mwasare wapo udapoilwa na nguwo ra mkundu,mundu,537,Kila mundu wawehitaji rafiki wa loli,,,
substitution,k/n,5.5,mwaka,84,Mwaka mbishi ni nafasi yezoya wuwishi,mwana,462,Weni mwana mkelie inyo.,,,
substitution,a/u,107.4,mandu,5,"Wachaghirie mandu adadu kwa womi wazima, uko si kushughunuka?",mundu,537,Kila mundu wawehitaji rafiki wa loli,,,
substitution,e/a,65.8,gha,526,Wusalama gha barabarenyi ni muhimu saana,ghe,8,Wazazi wafunya malengo ghe teseia.,,,
indel,o,75.1,gha,526,Wusalama gha barabarenyi ni muhimu saana,ogha,7,Kaenda Mombasa na kwende baharinyi kwa ogha na machi gha chumbi,,,
substitution,u/h,87.7,gha,526,Wusalama gha barabarenyi ni muhimu saana,gua,6,Mao waenda gua mbogha kinyangeyi.,,,
substitution,o/a,87.7,gha,526,Wusalama gha barabarenyi ni muhimu saana,gho,6,Ihii nyumba eko na wulalo gho horesha.,,,
indel,u,105.2,gha,526,Wusalama gha barabarenyi ni muhimu saana,ghua,5,Naenda ghua Mwemba,,,
indel,i,131.5,gha,526,Wusalama gha barabarenyi ni muhimu saana,ghia,4,"Na ngera kama niwupande ghobonya kama zoghori huwu wakati wandu wawa vindo vawo, mwauzira masanga ghia na ghia?",,,
substitution,w/n,5.1,wana,439,Wana wawecheza kiwachenyi,wawa,86,Neenda roghua wawa wapo nikamdwaia mbogha.,,,
substitution,d/g,1.0,andu,252,Chuo kibaa ni andu kupoiye kushoma,angu,262,Huwu loli kunilowua angu kwawanikalia.,,,
substitution,h/m,8.3,hachi,55,Mzuri hachi.,machi,455,Kuseliwe kunywa machi gha kutosha,,,
substitution,g/c,8.8,machi,455,Kuseliwe kunywa machi gha kutosha,maghi,52,Maghi ana ghachika.,,,
indel,v,23.0,indo,21,Kusedile hata indo jimweri,vindo,483,Vindo vako vaka tayari,,,
substitution,k/v,24.1,kindo,20,Sikunde kindo chingi nekunda lukundo.,vindo,483,Vindo vako vaka tayari,,,
substitution,j/n,6.9,waja,64,Paulo na waja wadumi wazima.,wana,439,Wana wawecheza kiwachenyi,,,
substitution,i/u,2.3,kila,346,Poilwa ni kila ngelo y amaisha,kula,153,Nyonyi ridima kusafiri kula,,,
substitution,m/b,12.8,bwana,36,Kukaia na irumirio na Bwana.,mwana,462,Weni mwana mkelie inyo.,,,
substitution,u/o,161.0,vindo,483,Vindo vako vaka tayari,vindu,3,Wandu wetonywa ni mada wendawona vindu ivo visingie.,,,
substitution,u/i,16.2,machi,455,Kuseliwe kunywa machi gha kutosha,machu,28,Inja machu ghako.,,,
substitution,w/a,24.3,maana,19,Wufundi ni wujuzi ghwa maana,mwana,462,Weni mwana mkelie inyo.,,,
substitution,m/f,33.0,fwana,14,Kuaeliwe kughua vilambo va fwana,mwana,462,Weni mwana mkelie inyo.,,,
indel,b,12.2,bwana,36,Kukaia na irumirio na Bwana.,wana,439,Wana wawecheza kiwachenyi,,,
substitution,j/a,1.4,aha,197,Ini aha nakoja kukaia moyo.,jha,274,Idime ni ituku jha njumwa,,,
substitution,a/o,51.3,mwana,462,Weni mwana mkelie inyo.,mwano,9,Obonya mwano.,,,
substitution,y/n,13.7,wana,439,Wana wawecheza kiwachenyi,waya,32,Orekoghe na wwana ghodeda ghuseko na waya.,,,
substitution,m/n,41.4,machi,455,Kuseliwe kunywa machi gha kutosha,nachi,11,Nachi ozerwa wei wabonya miujiza ya tee.,,,
indel,d,154.0,mwana,462,Weni mwana mkelie inyo.,mwanda,3,Isanga jedu jha Mwanda jechaghaluka,,,
substitution,m/k,154.0,kwana,3,Dedeka dikwane lakini ndediche kwana,mwana,462,Weni mwana mkelie inyo.,,,
substitution,a/i,3.1,kala,113,Sere yake idadua kwa kala na kala.,kila,346,Poilwa ni kila ngelo y amaisha,,,
substitution,v/w,24.4,vana,18,Vana vakongodwa,wana,439,Wana wawecheza kiwachenyi,,,
substitution,o/a,27.4,wana,439,Wana wawecheza kiwachenyi,wona,16,Wekunda kuenda mlimenyi wende wona masaka.,,,
indel,f,31.4,fwana,14,Kuaeliwe kughua vilambo va fwana,wana,439,Wana wawecheza kiwachenyi,,,
indel,i,4.3,cha,367,Charo cha moda mbaha nichesisimua,chai,85,Chai chapo wele chaenda hao chikoghe anyaa.,,,
substitution,k/w,33.8,kana,13,Nalomba kunidumie aghaje magome gheenda whughangenyi nakunda nifume aha kiramka kana.,wana,439,Wana wawecheza kiwachenyi,,,
substitution,b/w,36.6,bana,12,Neka na wada bana,wana,439,Wana wawecheza kiwachenyi,,,
indel,w,54.9,ana,8,Maghi ana ghachika.,wana,439,Wana wawecheza kiwachenyi,,,
indel,g,109.8,wana,439,Wana wawecheza kiwachenyi,wanga,4,Wanga Wana wefaa winyo uji.,,,
indel,k,146.3,kwana,3,Dedeka dikwane lakini ndediche kwana,wana,439,Wana wawecheza kiwachenyi,,,
indel,n,146.3,waa,3,Ini ni shabidi waa michezo,wana,439,Wana wawecheza kiwachenyi,,,
substitution,v/n,146.3,wana,439,Wana wawecheza kiwachenyi,wava,3,Kwaru wava wana wadadu,,,
substitution,n/l,146.3,wala,3,Nausikira wala neusikira.,wana,439,Wana wawecheza kiwachenyi,,,
indel,u,1.7,jha,274,Idime ni ituku jha njumwa,ujha,165,Mwanafunzi upoiye ni ujha uko na tabia ripoiye na ishima jha hali ya ighu,,,
substitution,m/o,1.5,mka,173,Mka oko na kwawo.,oka,264,Oka na skulu yake.,,,
substitution,o/e,1.9,ngelo,272,Lumalwakenyi ni ngelo ipoiye yehoresha,ngolo,140,Kuasefo ngolo tima sena,,,
substitution,r/l,7.7,kila,346,Poilwa ni kila ngelo y amaisha,kira,45,Ituku ijo jiwuye kira.,,,
indel,o,20.4,cha,367,Charo cha moda mbaha nichesisimua,ocha,18,Ocha kwapo ighuo,,,
indel,n,40.8,cha,367,Charo cha moda mbaha nichesisimua,ncha,9,Mando ghamu ni ncha kubonya mazoezi,,,
indel,m,61.2,cha,367,Charo cha moda mbaha nichesisimua,mcha,6,Aba mlungu Koko mcha na kwaine wughoma.,,,
indel,u,61.2,cha,367,Charo cha moda mbaha nichesisimua,chua,6,Chongonyi kwake kwa chua maghesho pacha,,,
substitution,o/a,61.2,cha,367,Charo cha moda mbaha nichesisimua,cho,6,Cho dije dadeka mswara na mnavu.,,,
substitution,a/e,61.2,cha,367,Charo cha moda mbaha nichesisimua,che,6,Ghenda kulole chaghu che bonya,,,
substitution,b/k,13.3,bila,26,Vilongozi wefwana kuhudumia wananchi bila kubagua ungi,kila,346,Poilwa ni kila ngelo y amaisha,,,
indel,o,91.8,cha,367,Charo cha moda mbaha nichesisimua,chao,4,Chao ichi cheko na malagho ghipoie.,,,
indel,u,91.8,cha,367,Charo cha moda mbaha nichesisimua,ucha,4,Ucha ghudishwa,,,
indel,i,91.8,cha,367,Charo cha moda mbaha nichesisimua,icha,4,Dibora chumbo ilinga njumwa icha ikanisenyi?,,,
substitution,j/n,2.2,iji,114,Iji wawonyera lubando uchaainjwa.,ini,248,Ini ni mwalimu wa kijomba,,,
substitution,m/l,28.8,kila,346,Poilwa ni kila ngelo y amaisha,kima,12,Kuseide mbao kima,,,
substitution,a/o,28.8,kila,346,Poilwa ni kila ngelo y amaisha,kilo,12,Enda idukenyi kuuziro mapemba kilo isanau alafu kushelo mufu.,,,
substitution,h/n,2.3,ihi,109,Mruke ni ghwa ighu nadime ihi,ini,248,Ini ni mwalimu wa kijomba,,,
indel,g,1.3,agha,157,Agha ni matuku gha kutua mbai.,aha,197,Ini aha nakoja kukaia moyo.,,,
substitution,o/a,3.0,oka,264,Oka na skulu yake.,oko,88,Mlungu oko moyo.,,,
substitution,l/n,57.7,kila,346,Poilwa ni kila ngelo y amaisha,kina,6,Kina chakotwa,,,
substitution,l/k,69.2,kila,346,Poilwa ni kila ngelo y amaisha,lila,5,Leka lila,,,
substitution,k/m,69.2,kila,346,Poilwa ni kila ngelo y amaisha,mila,5,Isanga iji jeko na mila riboie.,,,
substitution,z/w,8.9,kawi,35,Linu ni kiramka kawi,kazi,313,Kazi yapo yawehitaji wumakini,,,
substitution,w/n,2.5,ini,248,Ini ni mwalimu wa kijomba,iwi,99,Chia iwi ralemie mbisi.,,,
substitution,e/a,23.8,nicha,333,Sikira nicha madongozo ghapo,niche,14,Basi nizere koko hao niche idana.,,,
substitution,p/n,25.6,nicha,333,Sikira nicha madongozo ghapo,picha,13,Picha ni chia yerekodi maghesho,,,
substitution,e/a,1.1,sana,164,Safari yedu yesafiri kuenda mbugenyi yekoghe yesisimua sana,sena,181,Kuasefo ngolo tima sena,,,
substitution,o/a,30.3,nicha,333,Sikira nicha madongozo ghapo,nicho,11,Icho nicho chichanitesia kufuma aha.,,,
substitution,m/h,1.3,hao,195,Kio ichi chose kuendaa hao?,mao,148,Lukundo lwa mao ni lwa kipekee,,,
indel,i,37.0,ncha,9,Mando ghamu ni ncha kubonya mazoezi,nicha,333,Sikira nicha madongozo ghapo,,,
substitution,a/i,37.0,nacha,9,Nacha nyumbenyi,nicha,333,Sikira nicha madongozo ghapo,,,
substitution,e/i,47.6,necha,7,Necha icho,nicha,333,Sikira nicha madongozo ghapo,,,
indel,n,83.2,icha,4,Dibora chumbo ilinga njumwa icha ikanisenyi?,nicha,333,Sikira nicha madongozo ghapo,,,
substitution,v/k,1.2,kilambo,181,Hakuna kilambo chipoiye sa kisekesho,vilambo,155,Kuaeliwe kughua vilambo va fwana,,,
substitution,k/p,2.2,wako,105,Kunda jirani wako seji kujikunde,wapo,230,Mwatulituli wapo wawepata shida ya mtandao,,,
indel,k,4.0,koka,66,Andenyi ya Nyumba koka na choka,oka,264,Oka na skulu yake.,,,
substitution,a/i,3.1,ani,79,Kukasighwa ni fumanya na ani.,ini,248,Ini ni mwalimu wa kijomba,,,
substitution,e/o,2.5,wape,93,Mkeku wawamnosa mwana wape.,wapo,230,Mwatulituli wapo wawepata shida ya mtandao,,,
substitution,y/w,2.5,wapo,230,Mwatulituli wapo wawepata shida ya mtandao,yapo,92,Nyumba yapo yeka kavui na moda,,,
substitution,r/n,3.4,ini,248,Ini ni mwalimu wa kijomba,iri,72,Ola kurighore maza iri.,,,
substitution,e/o,4.9,eka,54,Eka ghadi na ghadi ya bahari.,oka,264,Oka na skulu yake.,,,
substitution,k/d,62.6,dazi,5,Wadawana na wai wapoilwagha kuvina dazi,kazi,313,Kazi yapo yawehitaji wumakini,,,
substitution,z/t,62.6,kati,5,Chuki kati ya wanajamii matuku ghose hureda hasara,kazi,313,Kazi yapo yawehitaji wumakini,,,
substitution,s/n,3.6,ini,248,Ini ni mwalimu wa kijomba,isi,69,Isi ni raiya wa dunia ihi,,,
substitution,r/w,2.7,rapo,85,Nguwo rapo rachafuka,wapo,230,Mwatulituli wapo wawepata shida ya mtandao,,,
substitution,r/w,1.8,rose,112,Nyonyi rose ra mbeonyi nariichi.,wose,203,Wusafiri ghwa wandu wose ni chia ipoiye yesafiri,,,
substitution,a/o,4.9,vua,259,Vua nyingi yanyee ikasababisha mafuriko,vuo,53,Matuku ghose nadapoilwa ni kushoma vuo,,,
indel,y,5.6,kukaia,264,Kukaia na irumirio na Bwana.,kukaiya,47,Na ngera yadima kukaiya shekeria ni kii?,,,
substitution,e/o,33.0,nguwe,9,Nguwe radaja maduma,nguwo,297,Nguwo rapo rachafuka,,,
substitution,w/r,99.0,nguro,3,Mjoka nguro mpaka usee.,nguwo,297,Nguwo rapo rachafuka,,,
substitution,k/d,1.4,wada,174,Da dibonyaa wada.,waka,126,Washomi waka wengi wa mashomo tofauti,,,
substitution,o/a,2.0,aha,197,Ini aha nakoja kukaia moyo.,aho,101,Aho niko kuchaadima kutala.,,,
substitution,e/i,8.0,kwake,33,Mkelu wadaghamba ngolonyi kwake.,kwaki,264,Kwaki kwazamilwa,,,
indel,k,3.8,kwapo,61,Sikira kuruma kwapo.,wapo,230,Mwatulituli wapo wawepata shida ya mtandao,,,
substitution,i/b,10.6,kukaba,25,Kwavolwa kusighe kukaba mmbenyu.,kukaia,264,Kukaia na irumirio na Bwana.,,,
substitution,o/i,11.0,kwaki,264,Kwaki kwazamilwa,kwako,24,Nido kwako.,,,
substitution,w/p,4.0,wapo,230,Mwatulituli wapo wawepata shida ya mtandao,wawo,58,Waka wawo.,,,
substitution,s/m,1.3,mana,123,Msinde mana.,sana,164,Safari yedu yesafiri kuenda mbugenyi yekoghe yesisimua sana,,,
indel,u,39.9,mlungu,279,Kukae mundu womkasa Mlungu matuku ghose,mulungu,7,Mulungu wadi jalia maisha ghipoiye,,,
substitution,e/a,12.0,kukaia,264,Kukaia na irumirio na Bwana.,kukaie,22,Kwafane kukaie na mtorori.,,,
substitution,v/n,6.5,ini,248,Ini ni mwalimu wa kijomba,ivi,38,Ivi vindo vasinga.,,,
indel,i,46.5,milungu,6,Maza rededanya na milungu,mlungu,279,Kukae mundu womkasa Mlungu matuku ghose,,,
indel,a,69.8,malungu,4,Zighe wanona malungu ghose.,mlungu,279,Kukae mundu womkasa Mlungu matuku ghose,,,
substitution,k/n,15.5,kwaki,264,Kwaki kwazamilwa,kwani,17,Kwani ndokumanyire? Wadambie kimonu mori ghusirie,,,
substitution,k/l,17.6,oka,264,Oka na skulu yake.,ola,15,Ola sikirenyi.,,,
substitution,a/h,54.8,jaa,5,Jaa mboa mboa,jha,274,Idime ni ituku jha njumwa,,,
indel,g,8.6,ingi,29,Ndeekoghe chia ingi zima ela kulala isakenyi.,ini,248,Ini ni mwalimu wa kijomba,,,
indel,i,91.3,ijha,3,Dineke ijha mbeu yako,jha,274,Idime ni ituku jha njumwa,,,
substitution,e/a,91.3,jha,274,Idime ni ituku jha njumwa,jhe,3,Ikanisa ijhi jhe kaba makofi Jiwangwagha,,,
substitution,w/j,4.9,japo,47,Irina Japo ni Mwamburi,wapo,230,Mwatulituli wapo wawepata shida ya mtandao,,,
indel,w,24.0,oka,264,Oka na skulu yake.,woka,11,Mwai uhu woka na kifu/mzigo,,,
substitution,v/w,5.2,vapo,44,Mbori raawuya vindo vapo.,wapo,230,Mwatulituli wapo wawepata shida ya mtandao,,,
indel,j,29.3,joka,9,Joka lughongonyi,oka,264,Oka na skulu yake.,,,
substitution,a/i,19.9,vua,259,Vua nyingi yanyee ikasababisha mafuriko,vui,13,Yasighwa ngelo vui.,,,
indel,a,44.0,kukaia,264,Kukaia na irumirio na Bwana.,kukia,6,Nekunda kukia.,,,
indel,i,44.0,kukaa,6,Wangu wakundikia kukaa na mawono malazi.,kukaia,264,Kukaia na irumirio na Bwana.,,,
substitution,v/k,44.0,oka,264,Oka na skulu yake.,ova,6,Ujha mka ova mwana icho,,,
substitution,a/o,44.0,aka,6,Aka oko mkongo sana.,oka,264,Oka na skulu yake.,,,
substitution,s/u,5.6,shuu,229,Nazughwa shuu.,uhuu,41,Uhuu mundu oka na kazi ipoie.,,,
substitution,e/a,1.1,waka,126,Washomi waka wengi wa mashomo tofauti,wake,144,Mumi wake ni kitoi.,,,
indel,i,52.8,kwaki,264,Kwaki kwazamilwa,kwakii,5,Kwakii mwawekabana?,,,
indel,l,52.8,loka,5,Ela dendapwana loka ni lukundo,oka,264,Oka na skulu yake.,,,
